INSERT INTO sucursal VALUES ('CABA-01', 'C.A.B.A.',  'C1184', 'Felipe Vallese 870', '+54 11 4589-6678');
INSERT INTO sucursal VALUES ('CABA-02', 'C.A.B.A.',  'C1026', 'Nogoya 1054', '+54 11 8928-0195');
INSERT INTO sucursal VALUES ('CABA-03', 'C.A.B.A.',  'B1752', 'Emilio mitre 1853', '+54 11 4902-7812');
INSERT INTO sucursal VALUES ('CABA-04', 'C.A.B.A.',  'C1440', 'Eva peron 1954', '+54 11 9428-6905');
INSERT INTO sucursal VALUES ('CABA-05', 'C.A.B.A.',  'B1430', 'Av Gral Paz 1536', '+54 11 7612-8954');
INSERT INTO sucursal VALUES ('COR-01', 'Cordoba',  'B5000', 'Blvr. Chacabuco 472', '+54 351 4589-6678');
INSERT INTO sucursal VALUES ('USH-01', 'Ushuaia',  'V9410', 'Gdor. Deloqui 1163', '+54 2901 8928-0195');
INSERT INTO sucursal VALUES ('SSJ-01', 'San Salvador de Jujuy',  'Y4600', 'Gral. San Martín 1272', '+54 308 4902-7812');
INSERT INTO sucursal VALUES ('MEN-01', 'Mendoza',  'M5500', 'Granaderos 2165', '+54 261 9428-6905');
INSERT INTO sucursal VALUES ('ROS-01', 'Rosario.',  'S2000', 'Derqui 5957', '+54 341 7612-8954');

INSERT INTO deposito VALUES ('D-CABA-01', 'CABA-01', 'Felipe Vallese 872', '+54 11 4589-6679');
INSERT INTO deposito VALUES ('D-CABA-02', 'CABA-02', 'Nogoya 1054', '+54 11 8928-0196');
INSERT INTO deposito VALUES ('D-CABA-03', 'CABA-03', 'Emilio mitre 1853', '+54 11 4902-7813');
INSERT INTO deposito VALUES ('D-CABA-04', 'CABA-04', 'Eva peron 1954', '+54 11 9428-6906');
INSERT INTO deposito VALUES ('D-CABA-05', 'CABA-05', 'Av Gral Paz 1536', '+54 11 7612-8955');
INSERT INTO deposito VALUES ('D-COR-01', 'COR-01', 'Blvr. Chacabuco 472', '+54 351 4589-6679');
INSERT INTO deposito VALUES ('D-USH-01', 'USH-01', 'Gdor. Deloqui 1163', '+54 2901 8928-0196');
INSERT INTO deposito VALUES ('D-SSJ-01', 'SSJ-01', 'Gral. San Martín 1272', '+54 308 4902-7813');
INSERT INTO deposito VALUES ('D-MEN-01', 'MEN-01', 'Granaderos 2165', '+54 261 9428-6906');
INSERT INTO deposito VALUES ('D-ROS-01', 'ROS-01', 'Derqui 5957', '+54 341 7612-8955');

INSERT INTO persona VALUES ('', 'Carlos', 'Menem', '90', '30241245', '1164893822','Balcarce 50', 'CarlosSaulMenemFerrari@gmail.com');
INSERT INTO persona VALUES ('', 'Mauricio', 'Macri','63' ,'38898345', '1164884522','Av. Maipú 2100', 'MacriMaurigato@gmail.com');

INSERT INTO persona VALUES ('', 'Arturo', 'Mateu', '54', '34312678', '1137825490','Av. independecia 1507', 'Arturmateu@gmail.com');
INSERT INTO persona VALUES ('', 'Jairo', 'Lloris','34' ,'32548129', '1112904378','Av. La Plata 7284', 'Jaillora@gmail.com');
INSERT INTO persona VALUES ('', 'Hugo', 'Sobrino', '61', '24381923', '1138921298','Jose Bonifacio 4542', 'Hugosobri@gmail.com');
INSERT INTO persona VALUES ('', 'Gustavo', 'Teruel','45' ,'21748983', '1187598729','Pumacahua 1457', 'Gustavoteruel@gmail.com');
INSERT INTO persona VALUES ('', 'Feliciano', 'Amores', '34', '65238129', '1132789812','Jose Enrique Rodo 1839', 'Felicianoamor@gmail.com');
INSERT INTO persona VALUES ('', 'Rocio', 'Aznar','25' ,'38981846', '1192182309','Av General Paz 1238', 'Rocioazna@gmail.com');
INSERT INTO persona VALUES ('', 'Myriam', 'Murillo', '84', '28547812', '1109217823','Marcos Sastre 2415', 'Myriammuri@gmail.com');
INSERT INTO persona VALUES ('', 'Jamal', 'Ubeda','72' ,'23764981', '1189217632','Av Juan Bautista Alberdi 2617', 'Jamalubeda@gmail.com');
INSERT INTO persona VALUES ('', 'Alex', 'Gonzales', '81', '23918965', '1132891923','Fonrouge 2315', 'Alexgonza@gmail.com');
INSERT INTO persona VALUES ('', 'Khadija', 'Camara','75' ,'23847194', '1102917823','Av Rivadavia 8219', 'Khadicama@gmail.com');

INSERT INTO persona VALUES ('', 'Marcela', 'Brito', '41', '34981765', '1189212378','Pola 389', 'Marcelabri@gmail.com');
INSERT INTO persona VALUES ('', 'Alexis', 'Cañadas','49' ,'31467891', '1192182398','Av Escalada 1245', 'Alexiscaña@gmail.com');
INSERT INTO persona VALUES ('', 'Joan', 'Portela', '29', '23857910', '1132781278','Av Eva Peron 231', 'Joanpuerta@gmail.com');
INSERT INTO persona VALUES ('', 'Arancha', 'Ahmed','19' ,'23847321', '1194382389','Av Juan B Justo 8271', 'Aranchaahme@gmail.com');
INSERT INTO persona VALUES ('', 'Bianca', 'Marrero', '28', '39874018', '1132148943','Miralla 2512', 'Biancamerre@gmail.com');
INSERT INTO persona VALUES ('', 'César', 'Carbonell','30' ,'28871674', '1192812389','Corvalan 8234', 'Cesarcarbon@gmail.com');
INSERT INTO persona VALUES ('', 'Irati', 'Fidalgo', '24', '28174895', '1123091209','Araujo 4124', 'Iratifidel@gmail.com');
INSERT INTO persona VALUES ('', 'Naroa', 'Talavera','62' ,'30982716', '1121982389','Camacua 4125', 'Naroatala@gmail.com');
INSERT INTO persona VALUES ('', 'Alberto', 'Gago', '31', '39817298', '1191282398','Av Carabobo 8291', 'Albertogagoneta@gmail.com');
INSERT INTO persona VALUES ('', 'Sabrina', 'Farre','42' ,'30928184', '1192813289','Av Rivadavia 4152', 'Sabriferrerorochet@gmail.com');

INSERT INTO persona VALUES ('', 'Jacinta', 'Ares', '32', '30982761', '1121892389','Av Directorio 8092', 'Jacintares@gmail.com');
INSERT INTO persona VALUES ('', 'Fidel', 'Ubeda','12' ,'30918273', '1190122309','Av Perito Moreno 5125', 'Fideluba@gmail.com');
INSERT INTO persona VALUES ('', 'Francisco', 'Clemente', '69', '31874627', '1112093921','Av Lacarra 8729', 'Francisclemencia@gmail.com');
INSERT INTO persona VALUES ('', 'Aitana', 'Puente','21' ,'32857284', '1112902390','Mozart 1902', 'Aitipuente@gmail.com');
INSERT INTO persona VALUES ('', 'Anibal', 'Rial', '53', '40892426', '1110292390','White 1829', 'Anibalreal@gmail.com');
INSERT INTO persona VALUES ('', 'Florencio', 'Montiel','62' ,'41827134', '1143891892','Bragado 2934', 'Florenciomontiel@gmail.com');
INSERT INTO persona VALUES ('', 'Noe', 'Portillo', '19', '38172847', '1129182389','Montiel 5224', 'Noeporti@gmail.com');
INSERT INTO persona VALUES ('', 'Mireia', 'Nogales','24' ,'37819203', '1102912390','Laguna 2783', 'Mireianogale@gmail.com');
INSERT INTO persona VALUES ('', 'Myriam', 'Moreira', '65', '42857283', '1198212389','Zelada 8271', 'Myriamore@gmail.com');
INSERT INTO persona VALUES ('', 'Ayman', 'Trigo','54' ,'39812738', '1112982389','Av Gaona 10582', 'Aymantrigo@gmail.com');

INSERT INTO persona VALUES ('', 'Chloe', 'Olmo', '43', '41284912', '1121982398','Tandil 812', 'Chloeolmo@gmail.com');
INSERT INTO persona VALUES ('', 'Martin', 'Gimenez','23' ,'32854915', '1123892198','Av Nazca 5215', 'Martingime@gmail.com');
INSERT INTO persona VALUES ('', 'Jose', 'Gomez', '29', '37982485', '1112982398','Portela 8912', 'Josegome@gmail.com');
INSERT INTO persona VALUES ('', 'Javier', 'Ozkosger','27' ,'31924098', '1193281298','Jose Marti 1892', 'Javiozko@gmail.com');
INSERT INTO persona VALUES ('', 'Santiago', 'Rey', '72', '34182945', '1191282389','Pergamino 8241', 'Santirey@gmail.com');
INSERT INTO persona VALUES ('', 'Lucas', 'Hadjilias','32' ,'34819284', '1181293289','Zuviria 2852', 'Lukihadji@gmail.com');
INSERT INTO persona VALUES ('', 'Lucas', 'Elmassian', '43', '23819209', '1154982189','Bacacay 8291', 'Lucaselmascapo@gmail.com');
INSERT INTO persona VALUES ('', 'Judith', 'Wu','18' ,'42812819', '1189122389','Yerbal 6097', 'judithwu@gmail.com');
INSERT INTO persona VALUES ('', 'Josefina', 'Haro', '29', '39691820', '1128192389','Lautaro 8291', 'Josefinaharo@gmail.com');
INSERT INTO persona VALUES ('', 'Javier', 'Quiles','54' ,'43019278', '1123782178','Thorne 512', 'Javiquiles@gmail.com');

INSERT INTO persona VALUES ('', 'Bilal', 'Novo', '65', '34871890', '1134981289','Av Asamblea 5125', 'Bilalnovo@gmail.com');
INSERT INTO persona VALUES ('', 'Eleuterio', 'Aliaga','43' ,'23890197', '1187342187','Tejedor 252', 'Eleutorioaliaga@gmail.com');
INSERT INTO persona VALUES ('', 'Younes', 'Vazquez', '87', '32892987', '1112346754','Avellaneda 8924', 'Younesvazquez@gmail.com');
INSERT INTO persona VALUES ('', 'Ona', 'Hinojosa','37' ,'39872910', '1121892389','Av Pavon 8294', 'Onahinojosa@gmail.com');
INSERT INTO persona VALUES ('', 'Yaiza', 'Calle', '74', '28901827', '1191282398','Av Jose Maria Moreno 5829', 'Yaizacalle@gmail.com');
INSERT INTO persona VALUES ('', 'Carla', 'Escribano','91' ,'42821952', '1192381298','Av. Varela 8927', 'Carlaescriban@gmail.com');
INSERT INTO persona VALUES ('', 'Jana', 'Sala', '72', '23819214', '1139281298','Matanza 8275', 'Janasalon@gmail.com');
INSERT INTO persona VALUES ('', 'Xavi', 'Prada','62' ,'42019182', '1109128932','Av. Cobo 5125', 'Xavipradera@gmail.com');
INSERT INTO persona VALUES ('', 'Sara', 'Corral', '34', '29102728', '1112983298','Av Caseros 5254', 'Saracorral@gmail.com');
INSERT INTO persona VALUES ('', 'Claudia', 'Sanjuan','32' ,'38918274', '1123874278','Av. Cordoba 5282', 'Claudiasanju@gmail.com');





















INSERT INTO persona VALUES ('', 'Ana', 'Blanco','32' ,'38918375', '1126474278','Bolivia 546', 'Blancoana@gmail.com');
INSERT INTO persona VALUES ('', 'Valentina', 'Mari','50' ,'30745274', '1123869978','Terrada 1259', 'Valenmari33@gmail.com');
INSERT INTO persona VALUES ('', 'Viviana', 'Espejo','22' ,'40421276', '1123875888','Jonte 2008', 'Viviespejo04@gmail.com');
INSERT INTO persona VALUES ('', 'Juan', 'Carro','52' ,'28976674', '1123987778','Campana 987', 'Juanchicarro@gmail.com');
INSERT INTO persona VALUES ('', 'Thiago', 'Gabarri','37' ,'40916554', '1123879776','Jonte 2819', 'Thiagogaba@gmail.com');
INSERT INTO persona VALUES ('', 'Marta', 'Lorenzo','46' ,'35988574', '1123876958','Bolivar 987', 'Martalorenzo82@gmail.com');
INSERT INTO persona VALUES ('', 'Carmen', 'Liu','28' ,'43543274', '1124494278','9 de Julio 1202', 'Carmenliu3@gmail.com');
INSERT INTO persona VALUES ('', 'Jacinto', 'Jimeno','52' ,'39968274', '1129964228','Lavallol 5844', 'jacijimeno@gmail.com');
INSERT INTO persona VALUES ('', 'Mario', 'Ferrando','32' ,'38498274', '1123845226','Arregui 2122', 'MarioFerrando@gmail.com');
INSERT INTO persona VALUES ('', 'Elena', 'Plasencia','37' ,'38867274', '1123872448','Sanabria 3668', 'Claudiasanju@gmail.com');